Participant,Test,Features,m_CA,StdDev_CA,,,,,,,,,,
1,1,"['MAV', 'WL', 'SSC', 'ZC']",0.827777778,0.039674602,,,,,,,,,,
1,2,"['MAV', 'WL', 'SSC', 'ZC']",0.914814815,0.023715275,,,,,,,,,,
2,1,"['MAV', 'WL', 'SSC', 'ZC']",0.743988391,0.059755639,,,,,,,,,,
2,2,"['MAV', 'WL', 'SSC', 'ZC']",0.794444444,0.016871173,,,,,,,,,,
3,1,"['MAV', 'WL', 'SSC', 'ZC']",0.785185185,0.031860464,,,,,,,,,,
3,2,"['MAV', 'WL', 'SSC', 'ZC']",0.744043671,0.031131944,,,,,,,,,,
4,1,"['MAV', 'WL', 'SSC', 'ZC']",0.883333333,0.006141898,,,,,,,,,,
4,2,"['MAV', 'WL', 'SSC', 'ZC']",0.831481481,0.05006854,,,,,,,,,,
5,1,"['MAV', 'WL', 'SSC', 'ZC']",0.915384615,0.013323468,,,,,,,,,,
5,2,"['MAV', 'WL', 'SSC', 'ZC']",0.909259259,0.027404905,,,,,,,,,,
6,1,"['MAV', 'WL', 'SSC', 'ZC']",0.794444444,0.030709489,,,,,,,,,,
6,2,"['MAV', 'WL', 'SSC', 'ZC']",0.822222222,0.005237828,,,,,,,,,,
7,1,"['MAV', 'WL', 'SSC', 'ZC']",0.77037037,0.027216553,,,,,,,,,,
7,2,"['MAV', 'WL', 'SSC', 'ZC']",0.874074074,0.036664796,,,,,,,,,,
8,1,"['MAV', 'WL', 'SSC', 'ZC']",0.862962963,0.025925926,,,,,,,,,,
8,2,"['MAV', 'WL', 'SSC', 'ZC']",0.711111111,0.028206567,,,,,,,,,,
9,1,"['MAV', 'WL', 'SSC', 'ZC']",0.877598121,0.026274888,,,,,,,,,,
9,2,"['MAV', 'WL', 'SSC', 'ZC']",0.79736042,0.04688159,,,,,,,,,,
10,1,"['MAV', 'WL', 'SSC', 'ZC']",0.888653952,0.010810459,,,,,,,,,,
10,2,"['MAV', 'WL', 'SSC', 'ZC']",0.842025981,0.025256357,,,,,,,,,,
11,1,"['MAV', 'WL', 'SSC', 'ZC']",0.865872067,0.028976352,,,,,,,,,,
11,2,"['MAV', 'WL', 'SSC', 'ZC']",0.782280389,0.039299353,,,,,,,,,,
12,1,"['MAV', 'WL', 'SSC', 'ZC']",0.831191266,0.019674969,,,,,,,,,,
12,2,"['MAV', 'WL', 'SSC', 'ZC']",0.900455079,0.019162644,,,,,,,,,,
13,1,"['MAV', 'WL', 'SSC', 'ZC']",0.85129906,0.02974553,,,,,,,,,,
13,2,"['MAV', 'WL', 'SSC', 'ZC']",0.768159204,0.038621821,,,,,,,,,,
14,1,"['MAV', 'WL', 'SSC', 'ZC']",0.885185185,0.030316121,,,,,,,,,,
14,2,"['MAV', 'WL', 'SSC', 'ZC']",0.696296296,0.046554834,,,,,,,,,,
15,1,"['MAV', 'WL', 'SSC', 'ZC']",0.749543947,0.021090335,,,,,,,,,,
15,2,"['MAV', 'WL', 'SSC', 'ZC']",0.766666667,0.060745257,,,,,,,,,,
16,1,"['MAV', 'WL', 'SSC', 'ZC']",0.862258154,0.023447696,,,,,,,,,,
16,2,"['MAV', 'WL', 'SSC', 'ZC']",0.843283582,0.019026192,,,,,,,,,,
17,1,"['MAV', 'WL', 'SSC', 'ZC']",0.753703704,0.041697519,,,,,,,,,,
17,2,"['MAV', 'WL', 'SSC', 'ZC']",0.684563295,0.024219981,,,,,,,,,,
18,1,"['MAV', 'WL', 'SSC', 'ZC']",0.744444444,0.029860214,,,,,,,,,,
18,2,"['MAV', 'WL', 'SSC', 'ZC']",0.798017772,0.051852843,,,,,,,,,,
19,1,"['MAV', 'WL', 'SSC', 'ZC']",0.905555556,0.02245251,,,,,,,,,,
19,2,"['MAV', 'WL', 'SSC', 'ZC']",0.87037037,0.042390826,,,,,,,,,,
1,1,"['IEMG', 'VAR', 'WL', 'ZC', 'SSC', 'SSC', 'WAMP']",0.85,0.030259509,,,,,,,,,,
1,2,"['IEMG', 'VAR', 'WL', 'ZC', 'SSC', 'SSC', 'WAMP']",0.909259259,0.014224344,,,,,,,,,,
2,1,"['IEMG', 'VAR', 'WL', 'ZC', 'SSC', 'SSC', 'WAMP']",0.762548369,0.056551816,,,,,,,,,,
2,2,"['IEMG', 'VAR', 'WL', 'ZC', 'SSC', 'SSC', 'WAMP']",0.796296296,0.016972503,,,,,,,,,,
3,1,"['IEMG', 'VAR', 'WL', 'ZC', 'SSC', 'SSC', 'WAMP']",0.833333333,0.034146461,,,,,,,,,,
3,2,"['IEMG', 'VAR', 'WL', 'ZC', 'SSC', 'SSC', 'WAMP']",0.747747374,0.035499753,,,,,,,,,,
4,1,"['IEMG', 'VAR', 'WL', 'ZC', 'SSC', 'SSC', 'WAMP']",0.887037037,0.009622504,,,,,,,,,,
4,2,"['IEMG', 'VAR', 'WL', 'ZC', 'SSC', 'SSC', 'WAMP']",0.831481481,0.046665197,,,,,,,,,,
5,1,"['IEMG', 'VAR', 'WL', 'ZC', 'SSC', 'SSC', 'WAMP']",0.913461538,0.017520065,,,,,,,,,,
5,2,"['IEMG', 'VAR', 'WL', 'ZC', 'SSC', 'SSC', 'WAMP']",0.896296296,0.016563466,,,,,,,,,,
6,1,"['IEMG', 'VAR', 'WL', 'ZC', 'SSC', 'SSC', 'WAMP']",0.792592593,0.01385799,,,,,,,,,,
6,2,"['IEMG', 'VAR', 'WL', 'ZC', 'SSC', 'SSC', 'WAMP']",0.792592593,0.01385799,,,,,,,,,,
7,1,"['IEMG', 'VAR', 'WL', 'ZC', 'SSC', 'SSC', 'WAMP']",0.766666667,0.026449735,,,,,,,,,,
7,2,"['IEMG', 'VAR', 'WL', 'ZC', 'SSC', 'SSC', 'WAMP']",0.87962963,0.024216105,,,,,,,,,,
8,1,"['IEMG', 'VAR', 'WL', 'ZC', 'SSC', 'SSC', 'WAMP']",0.868518519,0.021195413,,,,,,,,,,
8,2,"['IEMG', 'VAR', 'WL', 'ZC', 'SSC', 'SSC', 'WAMP']",0.718518519,0.022831163,,,,,,,,,,
9,1,"['IEMG', 'VAR', 'WL', 'ZC', 'SSC', 'SSC', 'WAMP']",0.884991708,0.02362683,,,,,,,,,,
9,2,"['IEMG', 'VAR', 'WL', 'ZC', 'SSC', 'SSC', 'WAMP']",0.802943615,0.046623988,,,,,,,,,,
10,1,"['IEMG', 'VAR', 'WL', 'ZC', 'SSC', 'SSC', 'WAMP']",0.884908789,0.022333054,,,,,,,,,,
10,2,"['IEMG', 'VAR', 'WL', 'ZC', 'SSC', 'SSC', 'WAMP']",0.834604754,0.020958166,,,,,,,,,,
11,1,"['IEMG', 'VAR', 'WL', 'ZC', 'SSC', 'SSC', 'WAMP']",0.864006607,0.036114369,,,,,,,,,,
11,2,"['IEMG', 'VAR', 'WL', 'ZC', 'SSC', 'SSC', 'WAMP']",0.807840182,0.003993404,,,,,,,,,,
12,1,"['IEMG', 'VAR', 'WL', 'ZC', 'SSC', 'SSC', 'WAMP']",0.831149807,0.013467341,,,,,,,,,,
12,2,"['IEMG', 'VAR', 'WL', 'ZC', 'SSC', 'SSC', 'WAMP']",0.908118027,0.02457838,,,,,,,,,,
13,1,"['IEMG', 'VAR', 'WL', 'ZC', 'SSC', 'SSC', 'WAMP']",0.838308458,0.028396518,,,,,,,,,,
13,2,"['IEMG', 'VAR', 'WL', 'ZC', 'SSC', 'SSC', 'WAMP']",0.768131564,0.037299907,,,,,,,,,,
14,1,"['IEMG', 'VAR', 'WL', 'ZC', 'SSC', 'SSC', 'WAMP']",0.875925926,0.021195413,,,,,,,,,,
14,2,"['IEMG', 'VAR', 'WL', 'ZC', 'SSC', 'SSC', 'WAMP']",0.685185185,0.059835165,,,,,,,,,,
15,1,"['IEMG', 'VAR', 'WL', 'ZC', 'SSC', 'SSC', 'WAMP']",0.755127142,0.030790849,,,,,,,,,,
15,2,"['IEMG', 'VAR', 'WL', 'ZC', 'SSC', 'SSC', 'WAMP']",0.755555556,0.06350529,,,,,,,,,,
16,1,"['IEMG', 'VAR', 'WL', 'ZC', 'SSC', 'SSC', 'WAMP']",0.864082366,0.018373955,,,,,,,,,,
16,2,"['IEMG', 'VAR', 'WL', 'ZC', 'SSC', 'SSC', 'WAMP']",0.850746269,0.013961408,,,,,,,,,,
17,1,"['IEMG', 'VAR', 'WL', 'ZC', 'SSC', 'SSC', 'WAMP']",0.768518519,0.025323693,,,,,,,,,,
17,2,"['IEMG', 'VAR', 'WL', 'ZC', 'SSC', 'SSC', 'WAMP']",0.682752902,0.027803329,,,,,,,,,,
18,1,"['IEMG', 'VAR', 'WL', 'ZC', 'SSC', 'SSC', 'WAMP']",0.746296296,0.032021512,,,,,,,,,,
18,2,"['IEMG', 'VAR', 'WL', 'ZC', 'SSC', 'SSC', 'WAMP']",0.790484735,0.063747601,,,,,,,,,,
19,1,"['IEMG', 'VAR', 'WL', 'ZC', 'SSC', 'SSC', 'WAMP']",0.918518519,0.005237828,,,,,,,,,,
19,2,"['IEMG', 'VAR', 'WL', 'ZC', 'SSC', 'SSC', 'WAMP']",0.861111111,0.035282516,,,,,,,,,,
1,1,"['MAV', 'WL', 'WAMP', 'MAVS']",0.846296296,0.016871173,,,,,,,,,,
1,2,"['MAV', 'WL', 'WAMP', 'MAVS']",0.892592593,0.021276158,,,,,,,,,,
2,1,"['MAV', 'WL', 'WAMP', 'MAVS']",0.769914317,0.040407825,,,,,,,,,,
2,2,"['MAV', 'WL', 'WAMP', 'MAVS']",0.814814815,0.012830006,,,,,,,,,,
3,1,"['MAV', 'WL', 'WAMP', 'MAVS']",0.851851852,0.035136418,,,,,,,,,,
3,2,"['MAV', 'WL', 'WAMP', 'MAVS']",0.762603648,0.038436501,,,,,,,,,,
4,1,"['MAV', 'WL', 'WAMP', 'MAVS']",0.901851852,0.018425693,,,,,,,,,,
4,2,"['MAV', 'WL', 'WAMP', 'MAVS']",0.840740741,0.045209465,,,,,,,,,,
5,1,"['MAV', 'WL', 'WAMP', 'MAVS']",0.930769231,0.018040061,,,,,,,,,,
5,2,"['MAV', 'WL', 'WAMP', 'MAVS']",0.931481481,0.025323693,,,,,,,,,,
6,1,"['MAV', 'WL', 'WAMP', 'MAVS']",0.790740741,0.02245251,,,,,,,,,,
6,2,"['MAV', 'WL', 'WAMP', 'MAVS']",0.772222222,0.031590226,,,,,,,,,,
7,1,"['MAV', 'WL', 'WAMP', 'MAVS']",0.77962963,0.019155705,,,,,,,,,,
7,2,"['MAV', 'WL', 'WAMP', 'MAVS']",0.857407407,0.029338851,,,,,,,,,,
8,1,"['MAV', 'WL', 'WAMP', 'MAVS']",0.896296296,0.022831163,,,,,,,,,,
8,2,"['MAV', 'WL', 'WAMP', 'MAVS']",0.761111111,0.027404905,,,,,,,,,,
9,1,"['MAV', 'WL', 'WAMP', 'MAVS']",0.879463792,0.035523678,,,,,,,,,,
9,2,"['MAV', 'WL', 'WAMP', 'MAVS']",0.793642897,0.050288376,,,,,,,,,,
10,1,"['MAV', 'WL', 'WAMP', 'MAVS']",0.892343836,0.022207968,,,,,,,,,,
10,2,"['MAV', 'WL', 'WAMP', 'MAVS']",0.879187396,0.014188045,,,,,,,,,,
11,1,"['MAV', 'WL', 'WAMP', 'MAVS']",0.85453691,0.032172353,,,,,,,,,,
11,2,"['MAV', 'WL', 'WAMP', 'MAVS']",0.829401452,0.022466785,,,,,,,,,,
12,1,"['MAV', 'WL', 'WAMP', 'MAVS']",0.801506357,0.013918793,,,,,,,,,,
12,2,"['MAV', 'WL', 'WAMP', 'MAVS']",0.890825015,0.018161801,,,,,,,,,,
13,1,"['MAV', 'WL', 'WAMP', 'MAVS']",0.815906578,0.044699317,,,,,,,,,,
13,2,"['MAV', 'WL', 'WAMP', 'MAVS']",0.768117745,0.028643604,,,,,,,,,,
14,1,"['MAV', 'WL', 'WAMP', 'MAVS']",0.862962963,0.019245009,,,,,,,,,,
14,2,"['MAV', 'WL', 'WAMP', 'MAVS']",0.707407407,0.044905021,,,,,,,,,,
15,1,"['MAV', 'WL', 'WAMP', 'MAVS']",0.747567717,0.038683515,,,,,,,,,,
15,2,"['MAV', 'WL', 'WAMP', 'MAVS']",0.75,0.064016245,,,,,,,,,,
16,1,"['MAV', 'WL', 'WAMP', 'MAVS']",0.871531233,0.017609515,,,,,,,,,,
16,2,"['MAV', 'WL', 'WAMP', 'MAVS']",0.845149254,0.021995944,,,,,,,,,,
17,1,"['MAV', 'WL', 'WAMP', 'MAVS']",0.731481481,0.024216105,,,,,,,,,,
17,2,"['MAV', 'WL', 'WAMP', 'MAVS']",0.714275843,0.033814343,,,,,,,,,,
18,1,"['MAV', 'WL', 'WAMP', 'MAVS']",0.746296296,0.024216105,,,,,,,,,,
18,2,"['MAV', 'WL', 'WAMP', 'MAVS']",0.764069264,0.032704627,,,,,,,,,,
19,1,"['MAV', 'WL', 'WAMP', 'MAVS']",0.918518519,0.010475656,,,,,,,,,,
19,2,"['MAV', 'WL', 'WAMP', 'MAVS']",0.868518519,0.028867513,,,,,,,,
1,1,"['RMS', 'LOGVAR', 'WAMP']",0.888888889,0.020286021,,,,,,,,,,
1,2,"['RMS', 'LOGVAR', 'WAMP']",0.937037037,0.006415003,,,,,,,,,,
2,1,"['RMS', 'LOGVAR', 'WAMP']",0.820038695,0.040687593,,,,,,,,,,
2,2,"['RMS', 'LOGVAR', 'WAMP']",0.822222222,0.010475656,,,,,,,,,,
3,1,"['RMS', 'LOGVAR', 'WAMP']",0.914814815,0.006415003,,,,,,,,,,
3,2,"['RMS', 'LOGVAR', 'WAMP']",0.840450525,0.021868074,,,,,,,,,,
4,1,"['RMS', 'LOGVAR', 'WAMP']",0.896296296,0.01737191,,,,,,,,,,
4,2,"['RMS', 'LOGVAR', 'WAMP']",0.859259259,0.034346735,,,,,,,,,,
5,1,"['RMS', 'LOGVAR', 'WAMP']",0.928846154,0.019134374,,,,,,,,,,
5,2,"['RMS', 'LOGVAR', 'WAMP']",0.931481481,0.018425693,,,,,,,,,,
6,1,"['RMS', 'LOGVAR', 'WAMP']",0.788888889,0.025925926,,,,,,,,,,
6,2,"['RMS', 'LOGVAR', 'WAMP']",0.777777778,0.024002743,,,,,,,,,,
7,1,"['RMS', 'LOGVAR', 'WAMP']",0.798148148,0.008072035,,,,,,,,,,
7,2,"['RMS', 'LOGVAR', 'WAMP']",0.859259259,0.011712139,,,,,,,,,,
8,1,"['RMS', 'LOGVAR', 'WAMP']",0.872222222,0.023642862,,,,,,,,,,
8,2,"['RMS', 'LOGVAR', 'WAMP']",0.812962963,0.02305537,,,,,,,,,,
9,1,"['RMS', 'LOGVAR', 'WAMP']",0.907296849,0.034835565,,,,,,,,,,
9,2,"['RMS', 'LOGVAR', 'WAMP']",0.858803206,0.047016743,,,,,,,,,,
10,1,"['RMS', 'LOGVAR', 'WAMP']",0.875704809,0.009501706,,,,,,,,,,
10,2,"['RMS', 'LOGVAR', 'WAMP']",0.890284688,0.017227038,,,,,,,,,,
11,1,"['RMS', 'LOGVAR', 'WAMP']",0.871511164,0.027512503,,,,,,,,,,
11,2,"['RMS', 'LOGVAR', 'WAMP']",0.845118725,0.014848911,,,,,,,,,,
12,1,"['RMS', 'LOGVAR', 'WAMP']",0.797775014,0.015126219,,,,,,,,,,
12,2,"['RMS', 'LOGVAR', 'WAMP']",0.869744568,0.014258323,,,,,,,,,,
13,1,"['RMS', 'LOGVAR', 'WAMP']",0.830818132,0.044927276,,,,,,,,,,
13,2,"['RMS', 'LOGVAR', 'WAMP']",0.792164179,0.041808926,,,,,,,,,,
14,1,"['RMS', 'LOGVAR', 'WAMP']",0.862962963,0.015270762,,,,,,,,,,
14,2,"['RMS', 'LOGVAR', 'WAMP']",0.711111111,0.034346735,,,,,,,,,,
15,1,"['RMS', 'LOGVAR', 'WAMP']",0.767979547,0.035004355,,,,,,,,,,
15,2,"['RMS', 'LOGVAR', 'WAMP']",0.8,0.064788354,,,,,,,,,,
16,1,"['RMS', 'LOGVAR', 'WAMP']",0.869679381,0.018384476,,,,,,,,,,
16,2,"['RMS', 'LOGVAR', 'WAMP']",0.860074627,0.013323561,,,,,,,,,,
17,1,"['RMS', 'LOGVAR', 'WAMP']",0.72962963,0.02796235,,,,,,,,,,
17,2,"['RMS', 'LOGVAR', 'WAMP']",0.732780542,0.036749792,,,,,,,,,,
18,1,"['RMS', 'LOGVAR', 'WAMP']",0.788888889,0.021276158,,,,,,,,,,
18,2,"['RMS', 'LOGVAR', 'WAMP']",0.771730463,0.021176528,,,,,,,,,,
19,1,"['RMS', 'LOGVAR', 'WAMP']",0.925925926,0.01737191,,,,,,,,,,
19,2,"['RMS', 'LOGVAR', 'WAMP']",0.866666667,0.028206567,,,,,,,,
1,1,"['RMS', 'WAMP', 'AR1']",0.881481481,0.044752022,,,,,,,,,,
1,2,"['RMS', 'WAMP', 'AR1']",0.959259259,0.016972503,,,,,,,,,,
2,1,"['RMS', 'WAMP', 'AR1']",0.838515755,0.043334302,,,,,,,,,,
2,2,"['RMS', 'WAMP', 'AR1']",0.859259259,0.020951312,,,,,,,,,,
3,1,"['RMS', 'WAMP', 'AR1']",0.925925926,0.005237828,,,,,,,,,,
3,2,"['RMS', 'WAMP', 'AR1']",0.858969044,0.015992662,,,,,,,,,,
4,1,"['RMS', 'WAMP', 'AR1']",0.905555556,0.02245251,,,,,,,,,,
4,2,"['RMS', 'WAMP', 'AR1']",0.87037037,0.038311409,,,,,,,,,,
5,1,"['RMS', 'WAMP', 'AR1']",0.948076923,0.019892462,,,,,,,,,,
5,2,"['RMS', 'WAMP', 'AR1']",0.942592593,0.025859704,,,,,,,,,,
6,1,"['RMS', 'WAMP', 'AR1']",0.883333333,0.054527525,,,,,,,,,,
6,2,"['RMS', 'WAMP', 'AR1']",0.8,0.034346735,,,,,,,,,,
7,1,"['RMS', 'WAMP', 'AR1']",0.857407407,0.019858899,,,,,,,,,,
7,2,"['RMS', 'WAMP', 'AR1']",0.885185185,0.019945055,,,,,,,,,,
8,1,"['RMS', 'WAMP', 'AR1']",0.892592593,0.031644458,,,,,,,,,,
8,2,"['RMS', 'WAMP', 'AR1']",0.872222222,0.015158061,,,,,,,,,,
9,1,"['RMS', 'WAMP', 'AR1']",0.922097844,0.029814675,,,,,,,,,,
9,2,"['RMS', 'WAMP', 'AR1']",0.908941404,0.025306669,,,,,,,,,,
10,1,"['RMS', 'WAMP', 'AR1']",0.923949696,0.00950451,,,,,,,,,,
10,2,"['RMS', 'WAMP', 'AR1']",0.908913765,0.006262957,,,,,,,,,,
11,1,"['RMS', 'WAMP', 'AR1']",0.852671451,0.046922981,,,,,,,,,,
11,2,"['RMS', 'WAMP', 'AR1']",0.823557456,0.020802166,,,,,,,,,,
12,1,"['RMS', 'WAMP', 'AR1']",0.788474295,0.028619167,,,,,,,,,,
12,2,"['RMS', 'WAMP', 'AR1']",0.911876101,0.011499464,,,,,,,,,,
13,1,"['RMS', 'WAMP', 'AR1']",0.847484798,0.034350516,,,,,,,,,,
13,2,"['RMS', 'WAMP', 'AR1']",0.799640685,0.045908028,,,,,,,,,,
14,1,"['RMS', 'WAMP', 'AR1']",0.885185185,0.019245009,,,,,,,,,,
14,2,"['RMS', 'WAMP', 'AR1']",0.762962963,0.039544734,,,,,,,,,,
15,1,"['RMS', 'WAMP', 'AR1']",0.786594804,0.041959058,,,,,,,,,,
15,2,"['RMS', 'WAMP', 'AR1']",0.787037037,0.052996622,,,,,,,,,,
16,1,"['RMS', 'WAMP', 'AR1']",0.865948038,0.015575339,,,,,,,,,,
16,2,"['RMS', 'WAMP', 'AR1']",0.848880597,0.008132274,,,,,,,,,,
17,1,"['RMS', 'WAMP', 'AR1']",0.746296296,0.035282516,,,,,,,,,,
17,2,"['RMS', 'WAMP', 'AR1']",0.738391376,0.04111063,,,,,,,,,,
18,1,"['RMS', 'WAMP', 'AR1']",0.792592593,0.018144368,,,,,,,,,,
18,2,"['RMS', 'WAMP', 'AR1']",0.809424129,0.021592208,,,,,,,,,,
19,1,"['RMS', 'WAMP', 'AR1']",0.940740741,0.018144368,,,,,,,,,,
19,2,"['RMS', 'WAMP', 'AR1']",0.896296296,0.024002743,,,,,,,,
1,1,"['LOGVAR', 'WAMP', 'AR1']",0.898148148,0.02305537,,,,,,,,,,
1,2,"['LOGVAR', 'WAMP', 'AR1']",0.955555556,0.007407407,,,,,,,,,,
2,1,"['LOGVAR', 'WAMP', 'AR1']",0.842288557,0.027966393,,,,,,,,,,
2,2,"['LOGVAR', 'WAMP', 'AR1']",0.857407407,0.010955703,,,,,,,,,,
3,1,"['LOGVAR', 'WAMP', 'AR1']",0.92962963,0.008281733,,,,,,,,,,
3,2,"['LOGVAR', 'WAMP', 'AR1']",0.870052515,0.026940506,,,,,,,,,,
4,1,"['LOGVAR', 'WAMP', 'AR1']",0.92037037,0.014224344,,,,,,,,,,
4,2,"['LOGVAR', 'WAMP', 'AR1']",0.833333333,0.030765274,,,,,,,,,,
5,1,"['LOGVAR', 'WAMP', 'AR1']",0.946153846,0.009421114,,,,,,,,,,
5,2,"['LOGVAR', 'WAMP', 'AR1']",0.942592593,0.02305537,,,,,,,,,,
6,1,"['LOGVAR', 'WAMP', 'AR1']",0.874074074,0.049413571,,,,,,,,,,
6,2,"['LOGVAR', 'WAMP', 'AR1']",0.792592593,0.027216553,,,,,,,,,,
7,1,"['LOGVAR', 'WAMP', 'AR1']",0.85,0.015158061,,,,,,,,,,
7,2,"['LOGVAR', 'WAMP', 'AR1']",0.874074074,0.018885257,,,,,,,,,,
8,1,"['LOGVAR', 'WAMP', 'AR1']",0.892592593,0.034146461,,,,,,,,,,
8,2,"['LOGVAR', 'WAMP', 'AR1']",0.87962963,0.021195413,,,,,,,,,,
9,1,"['LOGVAR', 'WAMP', 'AR1']",0.925815368,0.027657485,,,,,,,,,,
9,2,"['LOGVAR', 'WAMP', 'AR1']",0.914510779,0.022562888,,,,,,,,,,
10,1,"['LOGVAR', 'WAMP', 'AR1']",0.923949696,0.01414479,,,,,,,,,,
10,2,"['LOGVAR', 'WAMP', 'AR1']",0.918186844,0.010731919,,,,,,,,,,
11,1,"['LOGVAR', 'WAMP', 'AR1']",0.865872067,0.031354573,,,,,,,,,,
11,2,"['LOGVAR', 'WAMP', 'AR1']",0.817621186,0.015305643,,,,,,,,,,
12,1,"['LOGVAR', 'WAMP', 'AR1']",0.795867883,0.0403448,,,,,,,,,,
12,2,"['LOGVAR', 'WAMP', 'AR1']",0.911890781,0.012583163,,,,,,,,,,
13,1,"['LOGVAR', 'WAMP', 'AR1']",0.858665008,0.043334302,,,,,,,,,,
13,2,"['LOGVAR', 'WAMP', 'AR1']",0.799599226,0.028424762,,,,,,,,,,
14,1,"['LOGVAR', 'WAMP', 'AR1']",0.877777778,0.023715275,,,,,,,,,,
14,2,"['LOGVAR', 'WAMP', 'AR1']",0.755555556,0.034346735,,,,,,,,,,
15,1,"['LOGVAR', 'WAMP', 'AR1']",0.797692095,0.045606352,,,,,,,,,,
15,2,"['LOGVAR', 'WAMP', 'AR1']",0.787037037,0.057467114,,,,,,,,,,
16,1,"['LOGVAR', 'WAMP', 'AR1']",0.864082366,0.010716131,,,,,,,,,,
16,2,"['LOGVAR', 'WAMP', 'AR1']",0.845149254,0.006187733,,,,,,,,,,
17,1,"['LOGVAR', 'WAMP', 'AR1']",0.757407407,0.029338851,,,,,,,,,,
17,2,"['LOGVAR', 'WAMP', 'AR1']",0.745826423,0.038609476,,,,,,,,,,
18,1,"['LOGVAR', 'WAMP', 'AR1']",0.796296296,0.034940671,,,,,,,,,,
18,2,"['LOGVAR', 'WAMP', 'AR1']",0.811289588,0.033384029,,,,,,,,,,
19,1,"['LOGVAR', 'WAMP', 'AR1']",0.940740741,0.018885257,,,,,,,,,,
19,2,"['LOGVAR', 'WAMP', 'AR1']",0.881481481,0.027216553,,,,,,,,
1,1,"['WL', 'WAMP', 'AR1']",0.87407407,0.03142697,,,,,,,,,,
1,2,"['WL', 'WAMP', 'AR1']",0.95555556,0.00740741,,,,,,,,,,
2,1,"['WL', 'WAMP', 'AR1']",0.80883085,0.04338541,,,,,,,,,,
2,2,"['WL', 'WAMP', 'AR1']",0.86481481,0.00807204,,,,,,,,,,
3,1,"['WL', 'WAMP', 'AR1']",0.91851852,0.00740741,,,,,,,,,,
3,2,"['WL', 'WAMP', 'AR1']",0.88123273,0.01908426,,,,,,,,,,
4,1,"['WL', 'WAMP', 'AR1']",0.90925926,0.01515806,,,,,,,,,,
4,2,"['WL', 'WAMP', 'AR1']",0.85740741,0.03489156,,,,,,,,,,
5,1,"['WL', 'WAMP', 'AR1']",0.94615385,0.00942111,,,,,,,,,,
5,2,"['WL', 'WAMP', 'AR1']",0.94259259,0.02119541,,,,,,,,,,
6,1,"['WL', 'WAMP', 'AR1']",0.89259259,0.06208539,,,,,,,,,,
6,2,"['WL', 'WAMP', 'AR1']",0.7962963,0.01111111,,,,,,,,,,
7,1,"['WL', 'WAMP', 'AR1']",0.85740741,0.02119541,,,,,,,,,,
7,2,"['WL', 'WAMP', 'AR1']",0.88333333,0.01515806,,,,,,,,,,
8,1,"['WL', 'WAMP', 'AR1']",0.90555556,0.03025951,,,,,,,,,,
8,2,"['WL', 'WAMP', 'AR1']",0.87222222,0.01515806,,,,,,,,,,
9,1,"['WL', 'WAMP', 'AR1']",0.92025981,0.03598969,,,,,,,,,,
9,2,"['WL', 'WAMP', 'AR1']",0.91639027,0.02978019,,,,,,,,,,
10,1,"['WL', 'WAMP', 'AR1']",0.93879215,0.01207058,,,,,,,,,,
10,2,"['WL', 'WAMP', 'AR1']",0.91448314,0.00845961,,,,,,,,,,
11,1,"['WL', 'WAMP', 'AR1']",0.85644509,0.04742914,,,,,,,,,,
11,2,"['WL', 'WAMP', 'AR1']",0.78432579,0.00842485,,,,,,,,,,
12,1,"['WL', 'WAMP', 'AR1']",0.80147872,0.0316187,,,,,,,,,,
12,2,"['WL', 'WAMP', 'AR1']",0.89848796,0.01558067,,,,,,,,,,
13,1,"['WL', 'WAMP', 'AR1']",0.8326147,0.040657,,,,,,,,,,
13,2,"['WL', 'WAMP', 'AR1']",0.80522388,0.02282157,,,,,,,,,,
14,1,"['WL', 'WAMP', 'AR1']",0.86296296,0.04206599,,,,,,,,,,
14,2,"['WL', 'WAMP', 'AR1']",0.78703704,0.05034177,,,,,,,,,,
15,1,"['WL', 'WAMP', 'AR1']",0.7513267,0.04438461,,,,,,,,,,
15,2,"['WL', 'WAMP', 'AR1']",0.74444444,0.06799096,,,,,,,,,,
16,1,"['WL', 'WAMP', 'AR1']",0.86593422,0.02631414,,,,,,,,,,
16,2,"['WL', 'WAMP', 'AR1']",0.8358209,0.00913989,,,,,,,,,,
17,1,"['WL', 'WAMP', 'AR1']",0.75,0.02980274,,,,,,,,,,
17,2,"['WL', 'WAMP', 'AR1']",0.71241017,0.0520582,,,,,,,,,,
18,1,"['WL', 'WAMP', 'AR1']",0.76851852,0.02477609,,,,,,,,,,
18,2,"['WL', 'WAMP', 'AR1']",0.78296594,0.03733197,,,,,,,,,,
19,1,"['WL', 'WAMP', 'AR1']",0.92962963,0.0122838,,,,,,,,,,
19,2,"['WL', 'WAMP', 'AR1']",0.89259259,0.02252875,,,,,,,,
1,1,"['RMS', 'WL', 'WAMP', 'AR1']",0.877777778,0.03937091,,,,,,,,,,
1,2,"['RMS', 'WL', 'WAMP', 'AR1']",0.964814815,0.014224344,,,,,,,,,,
2,1,"['RMS', 'WL', 'WAMP', 'AR1']",0.831094527,0.041404819,,,,,,,,,,
2,2,"['RMS', 'WL', 'WAMP', 'AR1']",0.853703704,0.008072035,,,,,,,,,,
3,1,"['RMS', 'WL', 'WAMP', 'AR1']",0.916666667,0.006141898,,,,,,,,,,
3,2,"['RMS', 'WL', 'WAMP', 'AR1']",0.857117192,0.011305053,,,,,,,,,,
4,1,"['RMS', 'WL', 'WAMP', 'AR1']",0.92037037,0.006141898,,,,,,,,,,
4,2,"['RMS', 'WL', 'WAMP', 'AR1']",0.87962963,0.03115297,,,,,,,,,,
5,1,"['RMS', 'WL', 'WAMP', 'AR1']",0.932692308,0.022010621,,,,,,,,,,
5,2,"['RMS', 'WL', 'WAMP', 'AR1']",0.944444444,0.025925926,,,,,,,,,,
6,1,"['RMS', 'WL', 'WAMP', 'AR1']",0.881481481,0.047140452,,,,,,,,,,
6,2,"['RMS', 'WL', 'WAMP', 'AR1']",0.824074074,0.016037507,,,,,,,,,,
7,1,"['RMS', 'WL', 'WAMP', 'AR1']",0.846296296,0.008072035,,,,,,,,,,
7,2,"['RMS', 'WL', 'WAMP', 'AR1']",0.888888889,0.01385799,,,,,,,,,,
8,1,"['RMS', 'WL', 'WAMP', 'AR1']",0.903703704,0.034346735,,,,,,,,,,
8,2,"['RMS', 'WL', 'WAMP', 'AR1']",0.859259259,0.01385799,,,,,,,,,,
9,1,"['RMS', 'WL', 'WAMP', 'AR1']",0.912838585,0.031072282,,,,,,,,,,
9,2,"['RMS', 'WL', 'WAMP', 'AR1']",0.901520177,0.019040822,,,,,,,,,,
10,1,"['RMS', 'WL', 'WAMP', 'AR1']",0.920232172,0.019117081,,,,,,,,,,
10,2,"['RMS', 'WL', 'WAMP', 'AR1']",0.927515202,0.006076356,,,,,,,,,,
11,1,"['RMS', 'WL', 'WAMP', 'AR1']",0.869688426,0.042070633,,,,,,,,,,
11,2,"['RMS', 'WL', 'WAMP', 'AR1']",0.833369218,0.017477585,,,,,,,,,,
12,1,"['RMS', 'WL', 'WAMP', 'AR1']",0.821876727,0.014054196,,,,,,,,,,
12,2,"['RMS', 'WL', 'WAMP', 'AR1']",0.908029947,0.005673141,,,,,,,,,,
13,1,"['RMS', 'WL', 'WAMP', 'AR1']",0.867938087,0.036955638,,,,,,,,,,
13,2,"['RMS', 'WL', 'WAMP', 'AR1']",0.818159204,0.035060271,,,,,,,,,,
14,1,"['RMS', 'WL', 'WAMP', 'AR1']",0.87962963,0.02305537,,,,,,,,,,
14,2,"['RMS', 'WL', 'WAMP', 'AR1']",0.77962963,0.042025206,,,,,,,,,,
15,1,"['RMS', 'WL', 'WAMP', 'AR1']",0.794016031,0.035193736,,,,,,,,,,
15,2,"['RMS', 'WL', 'WAMP', 'AR1']",0.77962963,0.05351179,,,,,,,,,,
16,1,"['RMS', 'WL', 'WAMP', 'AR1']",0.886415146,0.014249021,,,,,,,,,,
16,2,"['RMS', 'WL', 'WAMP', 'AR1']",0.871268657,0.011037462,,,,,,,,,,
17,1,"['RMS', 'WL', 'WAMP', 'AR1']",0.757407407,0.032021512,,,,,,,,,,
17,2,"['RMS', 'WL', 'WAMP', 'AR1']",0.734660033,0.04686121,,,,,,,,,,
18,1,"['RMS', 'WL', 'WAMP', 'AR1']",0.798148148,0.024776089,,,,,,,,,,
18,2,"['RMS', 'WL', 'WAMP', 'AR1']",0.813212007,0.029789279,,,,,,,,,,
19,1,"['RMS', 'WL', 'WAMP', 'AR1']",0.931481481,0.018425693,,,,,,,,,,
19,2,"['RMS', 'WL', 'WAMP', 'AR1']",0.890740741,0.012143405,,,,,,,,
1,1,"['WL', 'WAMP', 'AR1', 'AR3']",0.892592593,0.039717797,,,,,,,,,,
1,2,"['WL', 'WAMP', 'AR1', 'AR3']",0.972222222,0.009622504,,,,,,,,,,
2,1,"['WL', 'WAMP', 'AR1', 'AR3']",0.801478718,0.042046613,,,,,,,,,,
2,2,"['WL', 'WAMP', 'AR1', 'AR3']",0.840740741,0.013353894,,,,,,,,,,
3,1,"['WL', 'WAMP', 'AR1', 'AR3']",0.918518519,0.010475656,,,,,,,,,,
3,2,"['WL', 'WAMP', 'AR1', 'AR3']",0.866390271,0.017612551,,,,,,,,,,
4,1,"['WL', 'WAMP', 'AR1', 'AR3']",0.92037037,0.02305537,,,,,,,,,,
4,2,"['WL', 'WAMP', 'AR1', 'AR3']",0.887037037,0.033281853,,,,,,,,,,
5,1,"['WL', 'WAMP', 'AR1', 'AR3']",0.940384615,0.006378125,,,,,,,,,,
5,2,"['WL', 'WAMP', 'AR1', 'AR3']",0.948148148,0.025119741,,,,,,,,,,
6,1,"['WL', 'WAMP', 'AR1', 'AR3']",0.898148148,0.02305537,,,,,,,,,,
6,2,"['WL', 'WAMP', 'AR1', 'AR3']",0.833333333,0.02696337,,,,,,,,,,
7,1,"['WL', 'WAMP', 'AR1', 'AR3']",0.85,0.031590226,,,,,,,,,,
7,2,"['WL', 'WAMP', 'AR1', 'AR3']",0.894444444,0.035282516,,,,,,,,,,
8,1,"['WL', 'WAMP', 'AR1', 'AR3']",0.898148148,0.042673032,,,,,,,,,,
8,2,"['WL', 'WAMP', 'AR1', 'AR3']",0.864814815,0.042993284,,,,,,,,,,
9,1,"['WL', 'WAMP', 'AR1', 'AR3']",0.916542289,0.027827399,,,,,,,,,,
9,2,"['WL', 'WAMP', 'AR1', 'AR3']",0.914524599,0.019965589,,,,,,,,,,
10,1,"['WL', 'WAMP', 'AR1', 'AR3']",0.925815368,0.011573032,,,,,,,,,,
10,2,"['WL', 'WAMP', 'AR1', 'AR3']",0.897775014,0.008052314,,,,,,,,,,
11,1,"['WL', 'WAMP', 'AR1', 'AR3']",0.871454204,0.014179146,,,,,,,,,,
11,2,"['WL', 'WAMP', 'AR1', 'AR3']",0.780311885,0.037575282,,,,,,,,,,
12,1,"['WL', 'WAMP', 'AR1', 'AR3']",0.827418463,0.017310764,,,,,,,,,,
12,2,"['WL', 'WAMP', 'AR1', 'AR3']",0.910011744,0.017214124,,,,,,,,,,
13,1,"['WL', 'WAMP', 'AR1', 'AR3']",0.849378109,0.029781192,,,,,,,,,,
13,2,"['WL', 'WAMP', 'AR1', 'AR3']",0.795950802,0.050524447,,,,,,,,,,
14,1,"['WL', 'WAMP', 'AR1', 'AR3']",0.866666667,0.039544734,,,,,,,,,,
14,2,"['WL', 'WAMP', 'AR1', 'AR3']",0.772222222,0.057467114,,,,,,,,,,
15,1,"['WL', 'WAMP', 'AR1', 'AR3']",0.781094527,0.024680644,,,,,,,,,,
15,2,"['WL', 'WAMP', 'AR1', 'AR3']",0.748148148,0.061083046,,,,,,,,,,
16,1,"['WL', 'WAMP', 'AR1', 'AR3']",0.86777225,0.014427702,,,,,,,,,,
16,2,"['WL', 'WAMP', 'AR1', 'AR3']",0.830223881,0.016997078,,,,,,,,,,
17,1,"['WL', 'WAMP', 'AR1', 'AR3']",0.777777778,0.040908745,,,,,,,,,,
17,2,"['WL', 'WAMP', 'AR1', 'AR3']",0.706826976,0.048945092,,,,,,,,,,
18,1,"['WL', 'WAMP', 'AR1', 'AR3']",0.792592593,0.027216553,,,,,,,,,,
18,2,"['WL', 'WAMP', 'AR1', 'AR3']",0.773524721,0.037736311,,,,,,,,,,
19,1,"['WL', 'WAMP', 'AR1', 'AR3']",0.925925926,0.016563466,,,,,,,,,,
19,2,"['WL', 'WAMP', 'AR1', 'AR3']",0.896296296,0.027216553,,,,,,,,
1,1,"['RMS', 'WAMP', 'AR1', 'AR2', 'AR3']",0.894444444,0.021195413,,,,,,,,,,
1,2,"['RMS', 'WAMP', 'AR1', 'AR2', 'AR3']",0.972222222,0.008072035,,,,,,,,,,
2,1,"['RMS', 'WAMP', 'AR1', 'AR2', 'AR3']",0.816224433,0.044791157,,,,,,,,,,
2,2,"['RMS', 'WAMP', 'AR1', 'AR2', 'AR3']",0.842592593,0.013224867,,,,,,,,,,
3,1,"['RMS', 'WAMP', 'AR1', 'AR2', 'AR3']",0.931481481,0.008072035,,,,,,,,,,
3,2,"['RMS', 'WAMP', 'AR1', 'AR2', 'AR3']",0.864524599,0.020160658,,,,,,,,,,
4,1,"['RMS', 'WAMP', 'AR1', 'AR2', 'AR3']",0.927777778,0.013224867,,,,,,,,,,
4,2,"['RMS', 'WAMP', 'AR1', 'AR2', 'AR3']",0.875925926,0.029802735,,,,,,,,,,
5,1,"['RMS', 'WAMP', 'AR1', 'AR2', 'AR3']",0.942307692,0.011538462,,,,,,,,,,
5,2,"['RMS', 'WAMP', 'AR1', 'AR2', 'AR3']",0.937037037,0.023715275,,,,,,,,,,
6,1,"['RMS', 'WAMP', 'AR1', 'AR2', 'AR3']",0.898148148,0.028867513,,,,,,,,,,
6,2,"['RMS', 'WAMP', 'AR1', 'AR2', 'AR3']",0.840740741,0.016972503,,,,,,,,,,
7,1,"['RMS', 'WAMP', 'AR1', 'AR2', 'AR3']",0.837037037,0.01737191,,,,,,,,,,
7,2,"['RMS', 'WAMP', 'AR1', 'AR2', 'AR3']",0.907407407,0.029860214,,,,,,,,,,
8,1,"['RMS', 'WAMP', 'AR1', 'AR2', 'AR3']",0.896296296,0.031860464,,,,,,,,,,
8,2,"['RMS', 'WAMP', 'AR1', 'AR2', 'AR3']",0.851851852,0.036664796,,,,,,,,,,
9,1,"['RMS', 'WAMP', 'AR1', 'AR2', 'AR3']",0.920259812,0.024123685,,,,,,,,,,
9,2,"['RMS', 'WAMP', 'AR1', 'AR2', 'AR3']",0.920107794,0.020543902,,,,,,,,,,
10,1,"['RMS', 'WAMP', 'AR1', 'AR2', 'AR3']",0.929532891,0.015153921,,,,,,,,,,
10,2,"['RMS', 'WAMP', 'AR1', 'AR2', 'AR3']",0.897733554,0.017114235,,,,,,,,,,
11,1,"['RMS', 'WAMP', 'AR1', 'AR2', 'AR3']",0.879044201,0.018351631,,,,,,,,,,
11,2,"['RMS', 'WAMP', 'AR1', 'AR2', 'AR3']",0.823511319,0.007230914,,,,,,,,,,
12,1,"['RMS', 'WAMP', 'AR1', 'AR2', 'AR3']",0.873825318,0.017482968,,,,,,,,,,
12,2,"['RMS', 'WAMP', 'AR1', 'AR2', 'AR3']",0.917689372,0.017972818,,,,,,,,,,
13,1,"['RMS', 'WAMP', 'AR1', 'AR2', 'AR3']",0.873548922,0.030966039,,,,,,,,,,
13,2,"['RMS', 'WAMP', 'AR1', 'AR2', 'AR3']",0.795881703,0.044159114,,,,,,,,,,
14,1,"['RMS', 'WAMP', 'AR1', 'AR2', 'AR3']",0.881481481,0.01385799,,,,,,,,,,
14,2,"['RMS', 'WAMP', 'AR1', 'AR2', 'AR3']",0.764814815,0.037175666,,,,,,,,,,
15,1,"['RMS', 'WAMP', 'AR1', 'AR2', 'AR3']",0.803344389,0.034908111,,,,,,,,,,
15,2,"['RMS', 'WAMP', 'AR1', 'AR2', 'AR3']",0.8,0.045360921,,,,,,,,,,
16,1,"['RMS', 'WAMP', 'AR1', 'AR2', 'AR3']",0.880804312,0.021831222,,,,,,,,,,
16,2,"['RMS', 'WAMP', 'AR1', 'AR2', 'AR3']",0.817164179,0.022074925,,,,,,,,,,
17,1,"['RMS', 'WAMP', 'AR1', 'AR2', 'AR3']",0.792592593,0.02618914,,,,,,,,,,
17,2,"['RMS', 'WAMP', 'AR1', 'AR2', 'AR3']",0.727252626,0.035431742,,,,,,,,,,
18,1,"['RMS', 'WAMP', 'AR1', 'AR2', 'AR3']",0.824074074,0.024216105,,,,,,,,,,
18,2,"['RMS', 'WAMP', 'AR1', 'AR2', 'AR3']",0.824589884,0.025323368,,,,,,,,,,
19,1,"['RMS', 'WAMP', 'AR1', 'AR2', 'AR3']",0.931481481,0.010955703,,,,,,,,,,
19,2,"['RMS', 'WAMP', 'AR1', 'AR2', 'AR3']",0.901851852,0.021833011,,,,,,,,
1,1,"['RMS', 'LOGVAR', 'WAMP', 'AR1', 'AR3']",0.898148148,0.021195413,,,,,,,,,,
1,2,"['RMS', 'LOGVAR', 'WAMP', 'AR1', 'AR3']",0.968518519,0.006141898,,,,,,,,,,
2,1,"['RMS', 'LOGVAR', 'WAMP', 'AR1', 'AR3']",0.833029298,0.021866297,,,,,,,,,,
2,2,"['RMS', 'LOGVAR', 'WAMP', 'AR1', 'AR3']",0.846296296,0.015158061,,,,,,,,,,
3,1,"['RMS', 'LOGVAR', 'WAMP', 'AR1', 'AR3']",0.911111111,0.030541523,,,,,,,,,,
3,2,"['RMS', 'LOGVAR', 'WAMP', 'AR1', 'AR3']",0.868242123,0.01137848,,,,,,,,,,
4,1,"['RMS', 'LOGVAR', 'WAMP', 'AR1', 'AR3']",0.918518519,0.011712139,,,,,,,,,,
4,2,"['RMS', 'LOGVAR', 'WAMP', 'AR1', 'AR3']",0.87962963,0.027900961,,,,,,,,,,
5,1,"['RMS', 'LOGVAR', 'WAMP', 'AR1', 'AR3']",0.936538462,0.014771434,,,,,,,,,,
5,2,"['RMS', 'LOGVAR', 'WAMP', 'AR1', 'AR3']",0.933333333,0.022831163,,,,,,,,,,
6,1,"['RMS', 'LOGVAR', 'WAMP', 'AR1', 'AR3']",0.87962963,0.042993284,,,,,,,,,,
6,2,"['RMS', 'LOGVAR', 'WAMP', 'AR1', 'AR3']",0.827777778,0.024216105,,,,,,,,,,
7,1,"['RMS', 'LOGVAR', 'WAMP', 'AR1', 'AR3']",0.82037037,0.020538031,,,,,,,,,,
7,2,"['RMS', 'LOGVAR', 'WAMP', 'AR1', 'AR3']",0.898148148,0.029338851,,,,,,,,,,
8,1,"['RMS', 'LOGVAR', 'WAMP', 'AR1', 'AR3']",0.894444444,0.036804828,,,,,,,,,,
8,2,"['RMS', 'LOGVAR', 'WAMP', 'AR1', 'AR3']",0.864814815,0.018425693,,,,,,,,,,
9,1,"['RMS', 'LOGVAR', 'WAMP', 'AR1', 'AR3']",0.910945274,0.026190715,,,,,,,,,,
9,2,"['RMS', 'LOGVAR', 'WAMP', 'AR1', 'AR3']",0.923825318,0.014122013,,,,,,,,,,
10,1,"['RMS', 'LOGVAR', 'WAMP', 'AR1', 'AR3']",0.923991155,0.022336406,,,,,,,,,,
10,2,"['RMS', 'LOGVAR', 'WAMP', 'AR1', 'AR3']",0.894043671,0.006282565,,,,,,,,,,
11,1,"['RMS', 'LOGVAR', 'WAMP', 'AR1', 'AR3']",0.873405104,0.042082395,,,,,,,,,,
11,2,"['RMS', 'LOGVAR', 'WAMP', 'AR1', 'AR3']",0.827432948,0.01683922,,,,,,,,,,
12,1,"['RMS', 'LOGVAR', 'WAMP', 'AR1', 'AR3']",0.847857933,0.028968347,,,,,,,,,,
12,2,"['RMS', 'LOGVAR', 'WAMP', 'AR1', 'AR3']",0.90618027,0.023703953,,,,,,,,,,
13,1,"['RMS', 'LOGVAR', 'WAMP', 'AR1', 'AR3']",0.875359315,0.040904475,,,,,,,,,,
13,2,"['RMS', 'LOGVAR', 'WAMP', 'AR1', 'AR3']",0.807006633,0.051763633,,,,,,,,,,
14,1,"['RMS', 'LOGVAR', 'WAMP', 'AR1', 'AR3']",0.87962963,0.009622504,,,,,,,,,,
14,2,"['RMS', 'LOGVAR', 'WAMP', 'AR1', 'AR3']",0.766666667,0.028448688,,,,,,,,,,
15,1,"['RMS', 'LOGVAR', 'WAMP', 'AR1', 'AR3']",0.816293532,0.0233325,,,,,,,,,,
15,2,"['RMS', 'LOGVAR', 'WAMP', 'AR1', 'AR3']",0.805555556,0.053254829,,,,,,,,,,
16,1,"['RMS', 'LOGVAR', 'WAMP', 'AR1', 'AR3']",0.877059149,0.012668218,,,,,,,,,,
16,2,"['RMS', 'LOGVAR', 'WAMP', 'AR1', 'AR3']",0.843283582,0.027419661,,,,,,,,,,
17,1,"['RMS', 'LOGVAR', 'WAMP', 'AR1', 'AR3']",0.788888889,0.034940671,,,,,,,,,,
17,2,"['RMS', 'LOGVAR', 'WAMP', 'AR1', 'AR3']",0.758747927,0.037687302,,,,,,,,,,
18,1,"['RMS', 'LOGVAR', 'WAMP', 'AR1', 'AR3']",0.824074074,0.02245251,,,,,,,,,,
18,2,"['RMS', 'LOGVAR', 'WAMP', 'AR1', 'AR3']",0.809481089,0.015773319,,,,,,,,,,
19,1,"['RMS', 'LOGVAR', 'WAMP', 'AR1', 'AR3']",0.92962963,0.01614407,,,,,,,,,,
19,2,"['RMS', 'LOGVAR', 'WAMP', 'AR1', 'AR3']",0.887037037,0.028867513,,,,,,,,
1,1,"['RMS', 'WL', 'WAMP', 'AR2', 'AR3']",0.894444444,0.019155705,,,,,,,,,,
1,2,"['RMS', 'WL', 'WAMP', 'AR2', 'AR3']",0.938888889,0.009622504,,,,,,,,,,
2,1,"['RMS', 'WL', 'WAMP', 'AR2', 'AR3']",0.769900498,0.051795031,,,,,,,,,,
2,2,"['RMS', 'WL', 'WAMP', 'AR2', 'AR3']",0.82037037,0.012143405,,,,,,,,,,
3,1,"['RMS', 'WL', 'WAMP', 'AR2', 'AR3']",0.888888889,0.040908745,,,,,,,,,,
3,2,"['RMS', 'WL', 'WAMP', 'AR2', 'AR3']",0.810793256,0.035556305,,,,,,,,,,
4,1,"['RMS', 'WL', 'WAMP', 'AR2', 'AR3']",0.907407407,0.018518519,,,,,,,,,,
4,2,"['RMS', 'WL', 'WAMP', 'AR2', 'AR3']",0.866666667,0.030541523,,,,,,,,,,
5,1,"['RMS', 'WL', 'WAMP', 'AR2', 'AR3']",0.930769231,0.019611614,,,,,,,,,,
5,2,"['RMS', 'WL', 'WAMP', 'AR2', 'AR3']",0.925925926,0.027216553,,,,,,,,,,
6,1,"['RMS', 'WL', 'WAMP', 'AR2', 'AR3']",0.864814815,0.026384827,,,,,,,,,,
6,2,"['RMS', 'WL', 'WAMP', 'AR2', 'AR3']",0.837037037,0.009072184,,,,,,,,,,
7,1,"['RMS', 'WL', 'WAMP', 'AR2', 'AR3']",0.787037037,0.014224344,,,,,,,,,,
7,2,"['RMS', 'WL', 'WAMP', 'AR2', 'AR3']",0.890740741,0.028388351,,,,,,,,,,
8,1,"['RMS', 'WL', 'WAMP', 'AR2', 'AR3']",0.883333333,0.030709489,,,,,,,,,,
8,2,"['RMS', 'WL', 'WAMP', 'AR2', 'AR3']",0.837037037,0.031860464,,,,,,,,,,
9,1,"['RMS', 'WL', 'WAMP', 'AR2', 'AR3']",0.899834163,0.029799826,,,,,,,,,,
9,2,"['RMS', 'WL', 'WAMP', 'AR2', 'AR3']",0.884825871,0.024653684,,,,,,,,,,
10,1,"['RMS', 'WL', 'WAMP', 'AR2', 'AR3']",0.881274185,0.015619585,,,,,,,,,,
10,2,"['RMS', 'WL', 'WAMP', 'AR2', 'AR3']",0.899640685,0.003344389,,,,,,,,,,
11,1,"['RMS', 'WL', 'WAMP', 'AR2', 'AR3']",0.8828036,0.006440011,,,,,,,,,,
11,2,"['RMS', 'WL', 'WAMP', 'AR2', 'AR3']",0.817575049,0.037376487,,,,,,,,,,
12,1,"['RMS', 'WL', 'WAMP', 'AR2', 'AR3']",0.881205086,0.023192029,,,,,,,,,,
12,2,"['RMS', 'WL', 'WAMP', 'AR2', 'AR3']",0.911978861,0.029111189,,,,,,,,,,
13,1,"['RMS', 'WL', 'WAMP', 'AR2', 'AR3']",0.869831399,0.017471423,,,,,,,,,,
13,2,"['RMS', 'WL', 'WAMP', 'AR2', 'AR3']",0.790367606,0.035190393,,,,,,,,,,
14,1,"['RMS', 'WL', 'WAMP', 'AR2', 'AR3']",0.888888889,0.007407407,,,,,,,,,,
14,2,"['RMS', 'WL', 'WAMP', 'AR2', 'AR3']",0.714814815,0.030765274,,,,,,,,,,
15,1,"['RMS', 'WL', 'WAMP', 'AR2', 'AR3']",0.769997236,0.028788646,,,,,,,,,,
15,2,"['RMS', 'WL', 'WAMP', 'AR2', 'AR3']",0.790740741,0.043940039,,,,,,,,,,
16,1,"['RMS', 'WL', 'WAMP', 'AR2', 'AR3']",0.897609176,0.020514653,,,,,,,,,,
16,2,"['RMS', 'WL', 'WAMP', 'AR2', 'AR3']",0.845149254,0.028600205,,,,,,,,,,
17,1,"['RMS', 'WL', 'WAMP', 'AR2', 'AR3']",0.803703704,0.036851387,,,,,,,,,,
17,2,"['RMS', 'WL', 'WAMP', 'AR2', 'AR3']",0.697553897,0.044176858,,,,,,,,,,
18,1,"['RMS', 'WL', 'WAMP', 'AR2', 'AR3']",0.807407407,0.036664796,,,,,,,,,,
18,2,"['RMS', 'WL', 'WAMP', 'AR2', 'AR3']",0.786768057,0.029537276,,,,,,,,,,
19,1,"['RMS', 'WL', 'WAMP', 'AR2', 'AR3']",0.927777778,0.014224344,,,,,,,,,,
19,2,"['RMS', 'WL', 'WAMP', 'AR2', 'AR3']",0.87962963,0.034891562,,,,,,,,
1,1,"['RMS', 'WAMP', 'AR1', 'AR2', 'AR3', 'AR4']",0.907407407,0.030765274,,,,,,,,,,
1,2,"['RMS', 'WAMP', 'AR1', 'AR2', 'AR3', 'AR4']",0.955555556,0.01385799,,,,,,,,,,
2,1,"['RMS', 'WAMP', 'AR1', 'AR2', 'AR3', 'AR4']",0.816224433,0.056686689,,,,,,,,,,
2,2,"['RMS', 'WAMP', 'AR1', 'AR2', 'AR3', 'AR4']",0.842592593,0.018425693,,,,,,,,,,
3,1,"['RMS', 'WAMP', 'AR1', 'AR2', 'AR3', 'AR4']",0.925925926,0.011712139,,,,,,,,,,
3,2,"['RMS', 'WAMP', 'AR1', 'AR2', 'AR3', 'AR4']",0.857103372,0.025030352,,,,,,,,,,
4,1,"['RMS', 'WAMP', 'AR1', 'AR2', 'AR3', 'AR4']",0.92962963,0.015270762,,,,,,,,,,
4,2,"['RMS', 'WAMP', 'AR1', 'AR2', 'AR3', 'AR4']",0.881481481,0.022222222,,,,,,,,,,
5,1,"['RMS', 'WAMP', 'AR1', 'AR2', 'AR3', 'AR4']",0.928846154,0.017520065,,,,,,,,,,
5,2,"['RMS', 'WAMP', 'AR1', 'AR2', 'AR3', 'AR4']",0.931481481,0.027404905,,,,,,,,,,
6,1,"['RMS', 'WAMP', 'AR1', 'AR2', 'AR3', 'AR4']",0.892592593,0.019945055,,,,,,,,,,
6,2,"['RMS', 'WAMP', 'AR1', 'AR2', 'AR3', 'AR4']",0.864814815,0.008072035,,,,,,,,,,
7,1,"['RMS', 'WAMP', 'AR1', 'AR2', 'AR3', 'AR4']",0.82037037,0.014224344,,,,,,,,,,
7,2,"['RMS', 'WAMP', 'AR1', 'AR2', 'AR3', 'AR4']",0.894444444,0.02305537,,,,,,,,,,
8,1,"['RMS', 'WAMP', 'AR1', 'AR2', 'AR3', 'AR4']",0.887037037,0.026384827,,,,,,,,,,
8,2,"['RMS', 'WAMP', 'AR1', 'AR2', 'AR3', 'AR4']",0.857407407,0.041697519,,,,,,,,,,
9,1,"['RMS', 'WAMP', 'AR1', 'AR2', 'AR3', 'AR4']",0.916542289,0.024693219,,,,,,,,,,
9,2,"['RMS', 'WAMP', 'AR1', 'AR2', 'AR3', 'AR4']",0.923811498,0.009522016,,,,,,,,,,
10,1,"['RMS', 'WAMP', 'AR1', 'AR2', 'AR3', 'AR4']",0.936926479,0.012251912,,,,,,,,,,
10,2,"['RMS', 'WAMP', 'AR1', 'AR2', 'AR3', 'AR4']",0.892164179,0.011405698,,,,,,,,,,
11,1,"['RMS', 'WAMP', 'AR1', 'AR2', 'AR3', 'AR4']",0.890322397,0.012821415,,,,,,,,,,
11,2,"['RMS', 'WAMP', 'AR1', 'AR2', 'AR3', 'AR4']",0.831354577,0.025279923,,,,,,,,,,
12,1,"['RMS', 'WAMP', 'AR1', 'AR2', 'AR3', 'AR4']",0.860807076,0.020898008,,,,,,,,,,
12,2,"['RMS', 'WAMP', 'AR1', 'AR2', 'AR3', 'AR4']",0.927290076,0.02426299,,,,,,,,,,
13,1,"['RMS', 'WAMP', 'AR1', 'AR2', 'AR3', 'AR4']",0.894029851,0.022091512,,,,,,,,,,
13,2,"['RMS', 'WAMP', 'AR1', 'AR2', 'AR3', 'AR4']",0.773562742,0.03860509,,,,,,,,,,
14,1,"['RMS', 'WAMP', 'AR1', 'AR2', 'AR3', 'AR4']",0.898148148,0.025323693,,,,,,,,,,
14,2,"['RMS', 'WAMP', 'AR1', 'AR2', 'AR3', 'AR4']",0.759259259,0.052509063,,,,,,,,,,
15,1,"['RMS', 'WAMP', 'AR1', 'AR2', 'AR3', 'AR4']",0.799682145,0.027379606,,,,,,,,,,
15,2,"['RMS', 'WAMP', 'AR1', 'AR2', 'AR3', 'AR4']",0.8,0.035136418,,,,,,,,,,
16,1,"['RMS', 'WAMP', 'AR1', 'AR2', 'AR3', 'AR4']",0.884618574,0.024555255,,,,,,,,,,
16,2,"['RMS', 'WAMP', 'AR1', 'AR2', 'AR3', 'AR4']",0.824626866,0.031880611,,,,,,,,,,
17,1,"['RMS', 'WAMP', 'AR1', 'AR2', 'AR3', 'AR4']",0.796296296,0.016972503,,,,,,,,,,
17,2,"['RMS', 'WAMP', 'AR1', 'AR2', 'AR3', 'AR4']",0.717951907,0.014771248,,,,,,,,,,
18,1,"['RMS', 'WAMP', 'AR1', 'AR2', 'AR3', 'AR4']",0.82962963,0.020286021,,,,,,,,,,
18,2,"['RMS', 'WAMP', 'AR1', 'AR2', 'AR3', 'AR4']",0.83203748,0.023132358,,,,,,,,,,
19,1,"['RMS', 'WAMP', 'AR1', 'AR2', 'AR3', 'AR4']",0.927777778,0.017665541,,,,,,,,,,
19,2,"['RMS', 'WAMP', 'AR1', 'AR2', 'AR3', 'AR4']",0.907407407,0.018518519,,,,,,,,
1,1,"['RMS', 'LOGVAR', 'WL', 'WAMP', 'ZC', 'AR1', 'AR2']",0.896296296,0.045360921,,,,,,,,,,
1,2,"['RMS', 'LOGVAR', 'WL', 'WAMP', 'ZC', 'AR1', 'AR2']",0.97037037,0.01385799,,,,,,,,,,
2,1,"['RMS', 'LOGVAR', 'WL', 'WAMP', 'ZC', 'AR1', 'AR2']",0.836705362,0.03025735,,,,,,,,,,
2,2,"['RMS', 'LOGVAR', 'WL', 'WAMP', 'ZC', 'AR1', 'AR2']",0.861111111,0.013224867,,,,,,,,,,
3,1,"['RMS', 'LOGVAR', 'WL', 'WAMP', 'ZC', 'AR1', 'AR2']",0.925925926,0.007407407,,,,,,,,,,
3,2,"['RMS', 'LOGVAR', 'WL', 'WAMP', 'ZC', 'AR1', 'AR2']",0.862672747,0.023946099,,,,,,,,,,
4,1,"['RMS', 'LOGVAR', 'WL', 'WAMP', 'ZC', 'AR1', 'AR2']",0.933333333,0.011712139,,,,,,,,,,
4,2,"['RMS', 'LOGVAR', 'WL', 'WAMP', 'ZC', 'AR1', 'AR2']",0.888888889,0.025119741,,,,,,,,,,
5,1,"['RMS', 'LOGVAR', 'WL', 'WAMP', 'ZC', 'AR1', 'AR2']",0.942307692,0.013867505,,,,,,,,,,
5,2,"['RMS', 'LOGVAR', 'WL', 'WAMP', 'ZC', 'AR1', 'AR2']",0.951851852,0.021911407,,,,,,,,,,
6,1,"['RMS', 'LOGVAR', 'WL', 'WAMP', 'ZC', 'AR1', 'AR2']",0.903703704,0.035136418,,,,,,,,,,
6,2,"['RMS', 'LOGVAR', 'WL', 'WAMP', 'ZC', 'AR1', 'AR2']",0.846296296,0.013224867,,,,,,,,,,
7,1,"['RMS', 'LOGVAR', 'WL', 'WAMP', 'ZC', 'AR1', 'AR2']",0.840740741,0.013353894,,,,,,,,,,
7,2,"['RMS', 'LOGVAR', 'WL', 'WAMP', 'ZC', 'AR1', 'AR2']",0.905555556,0.029338851,,,,,,,,,,
8,1,"['RMS', 'LOGVAR', 'WL', 'WAMP', 'ZC', 'AR1', 'AR2']",0.9,0.038311409,,,,,,,,,,
8,2,"['RMS', 'LOGVAR', 'WL', 'WAMP', 'ZC', 'AR1', 'AR2']",0.862962963,0.036477251,,,,,,,,,,
9,1,"['RMS', 'LOGVAR', 'WL', 'WAMP', 'ZC', 'AR1', 'AR2']",0.927667219,0.041333021,,,,,,,,,,
9,2,"['RMS', 'LOGVAR', 'WL', 'WAMP', 'ZC', 'AR1', 'AR2']",0.910807076,0.027203455,,,,,,,,,,
10,1,"['RMS', 'LOGVAR', 'WL', 'WAMP', 'ZC', 'AR1', 'AR2']",0.940616363,0.016620393,,,,,,,,,,
10,2,"['RMS', 'LOGVAR', 'WL', 'WAMP', 'ZC', 'AR1', 'AR2']",0.921904367,0.008573206,,,,,,,,,,
11,1,"['RMS', 'LOGVAR', 'WL', 'WAMP', 'ZC', 'AR1', 'AR2']",0.880952381,0.01599756,,,,,,,,,,
11,2,"['RMS', 'LOGVAR', 'WL', 'WAMP', 'ZC', 'AR1', 'AR2']",0.848978839,0.010762443,,,,,,,,,,
12,1,"['RMS', 'LOGVAR', 'WL', 'WAMP', 'ZC', 'AR1', 'AR2']",0.851561636,0.011904889,,,,,,,,,,
12,2,"['RMS', 'LOGVAR', 'WL', 'WAMP', 'ZC', 'AR1', 'AR2']",0.913843218,0.013359609,,,,,,,,,,
13,1,"['RMS', 'LOGVAR', 'WL', 'WAMP', 'ZC', 'AR1', 'AR2']",0.886636263,0.019877581,,,,,,,,,,
13,2,"['RMS', 'LOGVAR', 'WL', 'WAMP', 'ZC', 'AR1', 'AR2']",0.788515755,0.033215011,,,,,,,,,,
14,1,"['RMS', 'LOGVAR', 'WL', 'WAMP', 'ZC', 'AR1', 'AR2']",0.888888889,0.015713484,,,,,,,,,,
14,2,"['RMS', 'LOGVAR', 'WL', 'WAMP', 'ZC', 'AR1', 'AR2']",0.768518519,0.048112522,,,,,,,,,,
15,1,"['RMS', 'LOGVAR', 'WL', 'WAMP', 'ZC', 'AR1', 'AR2']",0.805182421,0.036866773,,,,,,,,,,
15,2,"['RMS', 'LOGVAR', 'WL', 'WAMP', 'ZC', 'AR1', 'AR2']",0.803703704,0.063828474,,,,,,,,,,
16,1,"['RMS', 'LOGVAR', 'WL', 'WAMP', 'ZC', 'AR1', 'AR2']",0.878993919,0.020434269,,,,,,,,,,
16,2,"['RMS', 'LOGVAR', 'WL', 'WAMP', 'ZC', 'AR1', 'AR2']",0.860074627,0.023227425,,,,,,,,,,
17,1,"['RMS', 'LOGVAR', 'WL', 'WAMP', 'ZC', 'AR1', 'AR2']",0.794444444,0.041034296,,,,,,,,,,
17,2,"['RMS', 'LOGVAR', 'WL', 'WAMP', 'ZC', 'AR1', 'AR2']",0.738405196,0.028848635,,,,,,,,,,
18,1,"['RMS', 'LOGVAR', 'WL', 'WAMP', 'ZC', 'AR1', 'AR2']",0.827777778,0.045171522,,,,,,,,,,
18,2,"['RMS', 'LOGVAR', 'WL', 'WAMP', 'ZC', 'AR1', 'AR2']",0.820716564,0.030939836,,,,,,,,,,
19,1,"['RMS', 'LOGVAR', 'WL', 'WAMP', 'ZC', 'AR1', 'AR2']",0.942592593,0.014224344,,,,,,,,,,
19,2,"['RMS', 'LOGVAR', 'WL', 'WAMP', 'ZC', 'AR1', 'AR2']",0.896296296,0.015713484,,,,,,,,
1,1,"['RMS', 'LOGVAR', 'WL', 'WAMP', 'SSC', 'ZC', 'AR1', 'AR3', 'AR4']",0.898148148,0.03286711,,,,,,,,,,
1,2,"['RMS', 'LOGVAR', 'WL', 'WAMP', 'SSC', 'ZC', 'AR1', 'AR3', 'AR4']",0.961111111,0.006141898,,,,,,,,,,
2,1,"['RMS', 'LOGVAR', 'WL', 'WAMP', 'SSC', 'ZC', 'AR1', 'AR3', 'AR4']",0.816293532,0.033474427,,,,,,,,,,
2,2,"['RMS', 'LOGVAR', 'WL', 'WAMP', 'SSC', 'ZC', 'AR1', 'AR3', 'AR4']",0.838888889,0.014224344,,,,,,,,,,
3,1,"['RMS', 'LOGVAR', 'WL', 'WAMP', 'SSC', 'ZC', 'AR1', 'AR3', 'AR4']",0.916666667,0.006141898,,,,,,,,,,
3,2,"['RMS', 'LOGVAR', 'WL', 'WAMP', 'SSC', 'ZC', 'AR1', 'AR3', 'AR4']",0.855306799,0.019810677,,,,,,,,,,
4,1,"['RMS', 'LOGVAR', 'WL', 'WAMP', 'SSC', 'ZC', 'AR1', 'AR3', 'AR4']",0.92962963,0.02252875,,,,,,,,,,
4,2,"['RMS', 'LOGVAR', 'WL', 'WAMP', 'SSC', 'ZC', 'AR1', 'AR3', 'AR4']",0.898148148,0.034496178,,,,,,,,,,
5,1,"['RMS', 'LOGVAR', 'WL', 'WAMP', 'SSC', 'ZC', 'AR1', 'AR3', 'AR4']",0.934615385,0.028000423,,,,,,,,,,
5,2,"['RMS', 'LOGVAR', 'WL', 'WAMP', 'SSC', 'ZC', 'AR1', 'AR3', 'AR4']",0.92962963,0.030316121,,,,,,,,,,
6,1,"['RMS', 'LOGVAR', 'WL', 'WAMP', 'SSC', 'ZC', 'AR1', 'AR3', 'AR4']",0.885185185,0.042065988,,,,,,,,,,
6,2,"['RMS', 'LOGVAR', 'WL', 'WAMP', 'SSC', 'ZC', 'AR1', 'AR3', 'AR4']",0.848148148,0.006415003,,,,,,,,,,
7,1,"['RMS', 'LOGVAR', 'WL', 'WAMP', 'SSC', 'ZC', 'AR1', 'AR3', 'AR4']",0.82037037,0.015158061,,,,,,,,,,
7,2,"['RMS', 'LOGVAR', 'WL', 'WAMP', 'SSC', 'ZC', 'AR1', 'AR3', 'AR4']",0.888888889,0.02962963,,,,,,,,,,
8,1,"['RMS', 'LOGVAR', 'WL', 'WAMP', 'SSC', 'ZC', 'AR1', 'AR3', 'AR4']",0.907407407,0.028448688,,,,,,,,,,
8,2,"['RMS', 'LOGVAR', 'WL', 'WAMP', 'SSC', 'ZC', 'AR1', 'AR3', 'AR4']",0.857407407,0.019155705,,,,,,,,,,
9,1,"['RMS', 'LOGVAR', 'WL', 'WAMP', 'SSC', 'ZC', 'AR1', 'AR3', 'AR4']",0.920301271,0.038547343,,,,,,,,,,
9,2,"['RMS', 'LOGVAR', 'WL', 'WAMP', 'SSC', 'ZC', 'AR1', 'AR3', 'AR4']",0.918269762,0.0276136,,,,,,,,,,
10,1,"['RMS', 'LOGVAR', 'WL', 'WAMP', 'SSC', 'ZC', 'AR1', 'AR3', 'AR4']",0.925829187,0.018771828,,,,,,,,,,
10,2,"['RMS', 'LOGVAR', 'WL', 'WAMP', 'SSC', 'ZC', 'AR1', 'AR3', 'AR4']",0.905210061,0.00961026,,,,,,,,,,
11,1,"['RMS', 'LOGVAR', 'WL', 'WAMP', 'SSC', 'ZC', 'AR1', 'AR3', 'AR4']",0.91112725,0.011374615,,,,,,,,,,
11,2,"['RMS', 'LOGVAR', 'WL', 'WAMP', 'SSC', 'ZC', 'AR1', 'AR3', 'AR4']",0.835291585,0.005605111,,,,,,,,,,
12,1,"['RMS', 'LOGVAR', 'WL', 'WAMP', 'SSC', 'ZC', 'AR1', 'AR3', 'AR4']",0.860779436,0.031131972,,,,,,,,,,
12,2,"['RMS', 'LOGVAR', 'WL', 'WAMP', 'SSC', 'ZC', 'AR1', 'AR3', 'AR4']",0.938755138,0.016041339,,,,,,,,,,
13,1,"['RMS', 'LOGVAR', 'WL', 'WAMP', 'SSC', 'ZC', 'AR1', 'AR3', 'AR4']",0.886580984,0.02086861,,,,,,,,,,
13,2,"['RMS', 'LOGVAR', 'WL', 'WAMP', 'SSC', 'ZC', 'AR1', 'AR3', 'AR4']",0.794029851,0.04315968,,,,,,,,,,
14,1,"['RMS', 'LOGVAR', 'WL', 'WAMP', 'SSC', 'ZC', 'AR1', 'AR3', 'AR4']",0.914814815,0.011111111,,,,,,,,,,
14,2,"['RMS', 'LOGVAR', 'WL', 'WAMP', 'SSC', 'ZC', 'AR1', 'AR3', 'AR4']",0.768518519,0.046958231,,,,,,,,,,
15,1,"['RMS', 'LOGVAR', 'WL', 'WAMP', 'SSC', 'ZC', 'AR1', 'AR3', 'AR4']",0.820024876,0.036487771,,,,,,,,,,
15,2,"['RMS', 'LOGVAR', 'WL', 'WAMP', 'SSC', 'ZC', 'AR1', 'AR3', 'AR4']",0.8,0.058325984,,,,,,,,,,
16,1,"['RMS', 'LOGVAR', 'WL', 'WAMP', 'SSC', 'ZC', 'AR1', 'AR3', 'AR4']",0.86970702,0.023466931,,,,,,,,,,
16,2,"['RMS', 'LOGVAR', 'WL', 'WAMP', 'SSC', 'ZC', 'AR1', 'AR3', 'AR4']",0.848880597,0.019298658,,,,,,,,,,
17,1,"['RMS', 'LOGVAR', 'WL', 'WAMP', 'SSC', 'ZC', 'AR1', 'AR3', 'AR4']",0.794444444,0.02245251,,,,,,,,,,
17,2,"['RMS', 'LOGVAR', 'WL', 'WAMP', 'SSC', 'ZC', 'AR1', 'AR3', 'AR4']",0.762548369,0.041432191,,,,,,,,,,
18,1,"['RMS', 'LOGVAR', 'WL', 'WAMP', 'SSC', 'ZC', 'AR1', 'AR3', 'AR4']",0.837037037,0.025660012,,,,,,,,,,
18,2,"['RMS', 'LOGVAR', 'WL', 'WAMP', 'SSC', 'ZC', 'AR1', 'AR3', 'AR4']",0.809424129,0.006498548,,,,,,,,,,
19,1,"['RMS', 'LOGVAR', 'WL', 'WAMP', 'SSC', 'ZC', 'AR1', 'AR3', 'AR4']",0.937037037,0.019945055,,,,,,,,,,
19,2,"['RMS', 'LOGVAR', 'WL', 'WAMP', 'SSC', 'ZC', 'AR1', 'AR3', 'AR4']",0.907407407,0.012283796,,,,,,,,
